PartnerName,GymName,Address,Pincode,City,State,Latitude,Longitude,SubscriptionAmount,Amenities
Momentum Club,Momentum Club Lower Parel,"113 Park Avenue, Lower Parel, Mumbai",400084,Mumbai,Maharashtra,19.0765,72.9626,2299,"Cardio Zone,HIIT Studio,Cycling,Locker Rooms,Steam Room,Parking"
UrbanAthletic,UrbanAthletic Madhapur,"43 Link Road, Madhapur, Hyderabad",500091,Hyderabad,Telangana,17.3169,78.5135,3299,"CrossFit Box,Olympic Lifting,Sauna,Physio Desk,Towel Service,Cafe"
Momentum Club,Momentum Club Nungambakkam,"67 Main Road, Nungambakkam, Chennai",600096,Chennai,Tamil Nadu,13.0612,80.3112,2499,"Cardio Zone,HIIT Studio,Cycling,Locker Rooms,Nutrition Counselling,24/7 Access"
Apex Strength,Apex Strength Palasia,"40 Station Road, Palasia, Indore",452020,Indore,Madhya Pradesh,22.7651,75.8659,3399,"Swimming Pool,Strength Training,Spa,Cafe,24/7 Access,Towel Service"
CoreNine Fitness,CoreNine Fitness Kothrud,"176 Park Avenue, Kothrud, Pune",411085,Pune,Maharashtra,18.5831,73.9017,1699,"Cardio Zone,Weight Training,Zumba,Personal Training,Nutrition Counselling,Parking"
UrbanAthletic,UrbanAthletic Begumpet,"61 High Street, Begumpet, Hyderabad",500013,Hyderabad,Telangana,17.3565,78.4869,2899,"CrossFit Box,Olympic Lifting,Sauna,Physio Desk,Cafe,Sauna"
IronCore Gym,IronCore Gym Palasia,"32 High Street, Palasia, Indore",452073,Indore,Madhya Pradesh,22.6941,75.7761,2599,"Free Weights,Powerlifting Rack,Functional Zone,Showers,24/7 Access,Parking"
ZenFlex Studio,ZenFlex Studio Belapur,"128 Cross Street, Belapur, Navi Mumbai",400797,Navi Mumbai,Maharashtra,19.1047,73.116,1699,"Yoga Studio,Pilates,Meditation Room,Steam,Parking,Nutrition Counselling"
Momentum Club,Momentum Club Edappally,"178 Link Road, Edappally, Kochi",682039,Kochi,Kerala,9.9021,76.3086,2699,"Cardio Zone,HIIT Studio,Cycling,Locker Rooms,Steam Room,Cafe"
Apex Strength,Apex Strength Sector 15,"15 Cross Street, Sector 15, Faridabad",121011,Faridabad,Haryana,28.4585,77.3385,3599,"Swimming Pool,Strength Training,Spa,Cafe,Cafe,Steam Room"
IronCore Gym,IronCore Gym Whitefield,"119 Link Road, Whitefield, Bangalore",560096,Bangalore,Karnataka,12.9501,77.5369,2599,"Free Weights,Powerlifting Rack,Functional Zone,Showers,Parking,Steam Room"
PulseFit,PulseFit Indirapuram,"89 Link Road, Indirapuram, Ghaziabad",201041,Ghaziabad,Uttar Pradesh,28.6429,77.5391,2299,"Cardio Zone,Strength Training,Group Classes,Locker Rooms,Steam Room,Towel Service"
Apex Strength,Apex Strength Adyar,"171 Station Road, Adyar, Chennai",600026,Chennai,Tamil Nadu,13.165,80.2183,3799,"Swimming Pool,Strength Training,Spa,Cafe,Sauna,Parking"
IronCore Gym,IronCore Gym Golf Course Road,"148 Ring Road, Golf Course Road, Gurgaon",122099,Gurgaon,Haryana,28.4329,77.0487,2599,"Free Weights,Powerlifting Rack,Functional Zone,Showers,Towel Service,Steam Room"
PulseFit,PulseFit Anna Nagar,"31 Market Road, Anna Nagar, Chennai",600056,Chennai,Tamil Nadu,13.106,80.2485,2299,"Cardio Zone,Strength Training,Group Classes,Locker Rooms,24/7 Access,Sauna"
UrbanAthletic,UrbanAthletic Lower Parel,"163 Link Road, Lower Parel, Mumbai",400051,Mumbai,Maharashtra,19.0485,72.9353,3099,"CrossFit Box,Olympic Lifting,Sauna,Physio Desk,24/7 Access,Towel Service"
Momentum Club,Momentum Club Ballygunge,"101 Ring Road, Ballygunge, Kolkata",700010,Kolkata,West Bengal,22.5478,88.2955,1899,"Cardio Zone,HIIT Studio,Cycling,Locker Rooms,Cafe,Nutrition Counselling"
PulseFit,PulseFit Kandivali East,"81 Cross Street, Kandivali East, Mumbai",400052,Mumbai,Maharashtra,19.0309,72.9309,3099,"Cardio Zone,Strength Training,Group Classes,Locker Rooms,Nutrition Counselling,Sauna"
ZenFlex Studio,ZenFlex Studio Janakpuri,"170 Link Road, Janakpuri, Delhi",110081,Delhi,Delhi,28.5777,77.2386,2299,"Yoga Studio,Pilates,Meditation Room,Steam,24/7 Access,Nutrition Counselling"
Apex Strength,Apex Strength JP Nagar,"79 Main Road, JP Nagar, Bangalore",560064,Bangalore,Karnataka,12.924,77.5326,3199,"Swimming Pool,Strength Training,Spa,Cafe,Cafe,24/7 Access"
ZenFlex Studio,ZenFlex Studio Kolshet,"120 Link Road, Kolshet, Thane",400697,Thane,Maharashtra,19.2471,72.9094,2099,"Yoga Studio,Pilates,Meditation Room,Steam,Steam Room,Towel Service"
ZenFlex Studio,ZenFlex Studio Cyber City,"14 Ring Road, Cyber City, Gurgaon",122078,Gurgaon,Haryana,28.4531,76.9726,2099,"Yoga Studio,Pilates,Meditation Room,Steam,Steam Room,Nutrition Counselling"
UrbanAthletic,UrbanAthletic C Scheme,"139 Link Road, C Scheme, Jaipur",302085,Jaipur,Rajasthan,26.9316,75.7364,2699,"CrossFit Box,Olympic Lifting,Sauna,Physio Desk,Parking,24/7 Access"
Momentum Club,Momentum Club Hadapsar,"6 Main Road, Hadapsar, Pune",411046,Pune,Maharashtra,18.5626,73.8151,2499,"Cardio Zone,HIIT Studio,Cycling,Locker Rooms,Steam Room,Cafe"
UrbanAthletic,UrbanAthletic Hadapsar,"179 Park Avenue, Hadapsar, Pune",411062,Pune,Maharashtra,18.5487,73.7749,3499,"CrossFit Box,Olympic Lifting,Sauna,Physio Desk,Steam Room,24/7 Access"
IronCore Gym,IronCore Gym Anna Nagar,"64 High Street, Anna Nagar, Chennai",600077,Chennai,Tamil Nadu,13.068,80.262,2399,"Free Weights,Powerlifting Rack,Functional Zone,Showers,Sauna,Parking"
CoreNine Fitness,CoreNine Fitness Yelahanka,"115 Main Road, Yelahanka, Bangalore",560031,Bangalore,Karnataka,13.0283,77.563,2299,"Cardio Zone,Weight Training,Zumba,Personal Training,24/7 Access,Towel Service"
ZenFlex Studio,ZenFlex Studio Bellandur,"26 Ring Road, Bellandur, Bangalore",560029,Bangalore,Karnataka,12.8919,77.6583,1699,"Yoga Studio,Pilates,Meditation Room,Steam,Nutrition Counselling,Parking"
Apex Strength,Apex Strength Sector 35,"25 Station Road, Sector 35, Chandigarh",160035,Chandigarh,Chandigarh,30.7224,76.8504,3599,"Swimming Pool,Strength Training,Spa,Cafe,24/7 Access,Sauna"
Apex Strength,Apex Strength Hadapsar,"17 Cross Street, Hadapsar, Pune",411082,Pune,Maharashtra,18.5379,73.8722,3399,"Swimming Pool,Strength Training,Spa,Cafe,Sauna,Cafe"
IronCore Gym,IronCore Gym Behala,"6 Main Road, Behala, Kolkata",700054,Kolkata,West Bengal,22.6431,88.3193,2199,"Free Weights,Powerlifting Rack,Functional Zone,Showers,Sauna,Towel Service"
IronCore Gym,IronCore Gym Bhawarkuan,"18 Cross Street, Bhawarkuan, Indore",452067,Indore,Madhya Pradesh,22.6412,75.7801,2399,"Free Weights,Powerlifting Rack,Functional Zone,Showers,Cafe,Parking"
CoreNine Fitness,CoreNine Fitness Maninagar,"141 Main Road, Maninagar, Ahmedabad",380041,Ahmedabad,Gujarat,22.9984,72.5288,1699,"Cardio Zone,Weight Training,Zumba,Personal Training,Parking,Towel Service"
Apex Strength,Apex Strength Vijay Nagar,"174 Main Road, Vijay Nagar, Indore",452020,Indore,Madhya Pradesh,22.6522,75.7866,3599,"Swimming Pool,Strength Training,Spa,Cafe,Cafe,Towel Service"
Apex Strength,Apex Strength Majiwada,"21 High Street, Majiwada, Thane",400669,Thane,Maharashtra,19.2779,72.8927,3399,"Swimming Pool,Strength Training,Spa,Cafe,Cafe,Sauna"
Momentum Club,Momentum Club Panampilly Nagar,"118 Link Road, Panampilly Nagar, Kochi",682014,Kochi,Kerala,9.9763,76.2802,2699,"Cardio Zone,HIIT Studio,Cycling,Locker Rooms,Nutrition Counselling,Steam Room"
Momentum Club,Momentum Club Mulund West,"142 Ring Road, Mulund West, Mumbai",400067,Mumbai,Maharashtra,19.0106,72.9633,2099,"Cardio Zone,HIIT Studio,Cycling,Locker Rooms,Parking,Sauna"
CoreNine Fitness,CoreNine Fitness Bodakdev,"165 Market Road, Bodakdev, Ahmedabad",380029,Ahmedabad,Gujarat,22.946,72.5007,1699,"Cardio Zone,Weight Training,Zumba,Personal Training,Cafe,Parking"
CoreNine Fitness,CoreNine Fitness C Scheme,"129 Station Road, C Scheme, Jaipur",302055,Jaipur,Rajasthan,26.9203,75.8514,1499,"Cardio Zone,Weight Training,Zumba,Personal Training,Cafe,Steam Room"
IronCore Gym,IronCore Gym Wakad,"169 Main Road, Wakad, Pune",411035,Pune,Maharashtra,18.607,73.8248,2799,"Free Weights,Powerlifting Rack,Functional Zone,Showers,Parking,24/7 Access"
PulseFit,PulseFit Golf Course Road,"146 Main Road, Golf Course Road, Gurgaon",122012,Gurgaon,Haryana,28.4376,77.0613,2699,"Cardio Zone,Strength Training,Group Classes,Locker Rooms,Nutrition Counselling,Towel Service"
CoreNine Fitness,CoreNine Fitness Banjara Hills,"64 Park Avenue, Banjara Hills, Hyderabad",500048,Hyderabad,Telangana,17.355,78.5725,1699,"Cardio Zone,Weight Training,Zumba,Personal Training,Steam Room,24/7 Access"
IronCore Gym,IronCore Gym Rohini,"172 High Street, Rohini, Delhi",110024,Delhi,Delhi,28.6969,77.232,2599,"Free Weights,Powerlifting Rack,Functional Zone,Showers,Towel Service,Nutrition Counselling"
IronCore Gym,IronCore Gym Dadar,"47 Link Road, Dadar, Mumbai",400079,Mumbai,Maharashtra,19.1101,72.949,2199,"Free Weights,Powerlifting Rack,Functional Zone,Showers,Parking,Steam Room"
Apex Strength,Apex Strength Panampilly Nagar,"39 Park Avenue, Panampilly Nagar, Kochi",682027,Kochi,Kerala,9.8436,76.3453,2999,"Swimming Pool,Strength Training,Spa,Cafe,Sauna,Parking"
CoreNine Fitness,CoreNine Fitness Gachibowli,"95 Station Road, Gachibowli, Hyderabad",500098,Hyderabad,Telangana,17.4644,78.4418,2299,"Cardio Zone,Weight Training,Zumba,Personal Training,Steam Room,Towel Service"
IronCore Gym,IronCore Gym Mansarovar,"158 Market Road, Mansarovar, Jaipur",302023,Jaipur,Rajasthan,26.9473,75.7064,2599,"Free Weights,Powerlifting Rack,Functional Zone,Showers,Sauna,Nutrition Counselling"
CoreNine Fitness,CoreNine Fitness Sector 56,"162 Main Road, Sector 56, Gurgaon",122084,Gurgaon,Haryana,28.406,77.0866,1699,"Cardio Zone,Weight Training,Zumba,Personal Training,Cafe,Nutrition Counselling"
CoreNine Fitness,CoreNine Fitness Chembur,"134 High Street, Chembur, Mumbai",400044,Mumbai,Maharashtra,19.0532,72.8571,2299,"Cardio Zone,Weight Training,Zumba,Personal Training,Cafe,24/7 Access"
PulseFit,PulseFit Kukatpally,"151 Park Avenue, Kukatpally, Hyderabad",500069,Hyderabad,Telangana,17.4617,78.5368,2499,"Cardio Zone,Strength Training,Group Classes,Locker Rooms,Cafe,Nutrition Counselling"
ZenFlex Studio,ZenFlex Studio Sector 76,"118 Ring Road, Sector 76, Noida",201317,Noida,Uttar Pradesh,28.5375,77.4135,2099,"Yoga Studio,Pilates,Meditation Room,Steam,Towel Service,Cafe"
Apex Strength,Apex Strength Kharghar,"28 Station Road, Kharghar, Navi Mumbai",400779,Navi Mumbai,Maharashtra,19.0499,73.007,3599,"Swimming Pool,Strength Training,Spa,Cafe,Towel Service,Nutrition Counselling"
UrbanAthletic,UrbanAthletic Sohna Road,"111 Park Avenue, Sohna Road, Gurgaon",122022,Gurgaon,Haryana,28.5159,76.9419,3499,"CrossFit Box,Olympic Lifting,Sauna,Physio Desk,Steam Room,Sauna"
IronCore Gym,IronCore Gym Lower Parel,"142 High Street, Lower Parel, Mumbai",400045,Mumbai,Maharashtra,18.9894,72.9645,2799,"Free Weights,Powerlifting Rack,Functional Zone,Showers,24/7 Access,Sauna"
ZenFlex Studio,ZenFlex Studio Vastrapur,"22 Ring Road, Vastrapur, Ahmedabad",380029,Ahmedabad,Gujarat,23.0109,72.5051,2299,"Yoga Studio,Pilates,Meditation Room,Steam,Sauna,Nutrition Counselling"
PulseFit,PulseFit Viman Nagar,"31 High Street, Viman Nagar, Pune",411028,Pune,Maharashtra,18.5193,73.7772,2299,"Cardio Zone,Strength Training,Group Classes,Locker Rooms,24/7 Access,Cafe"
CoreNine Fitness,CoreNine Fitness Vesu,"56 Link Road, Vesu, Surat",395022,Surat,Gujarat,21.2239,72.7668,1699,"Cardio Zone,Weight Training,Zumba,Personal Training,Steam Room,24/7 Access"
Apex Strength,Apex Strength Sector 50,"29 Station Road, Sector 50, Noida",201398,Noida,Uttar Pradesh,28.5486,77.447,2999,"Swimming Pool,Strength Training,Spa,Cafe,Steam Room,24/7 Access"
PulseFit,PulseFit Cyber City,"69 Park Avenue, Cyber City, Gurgaon",122041,Gurgaon,Haryana,28.4409,76.9388,3099,"Cardio Zone,Strength Training,Group Classes,Locker Rooms,Nutrition Counselling,Sauna"
PulseFit,PulseFit Sector 62,"117 Market Road, Sector 62, Noida",201319,Noida,Uttar Pradesh,28.5281,77.3596,2299,"Cardio Zone,Strength Training,Group Classes,Locker Rooms,Sauna,24/7 Access"
PulseFit,PulseFit Sector 44,"132 Park Avenue, Sector 44, Chandigarh",160093,Chandigarh,Chandigarh,30.6704,76.7668,3099,"Cardio Zone,Strength Training,Group Classes,Locker Rooms,Parking,Sauna"
Momentum Club,Momentum Club Adajan,"21 High Street, Adajan, Surat",395038,Surat,Gujarat,21.1479,72.7974,2299,"Cardio Zone,HIIT Studio,Cycling,Locker Rooms,Towel Service,Sauna"
PulseFit,PulseFit Hazratganj,"115 High Street, Hazratganj, Lucknow",226073,Lucknow,Uttar Pradesh,26.927,80.864,3099,"Cardio Zone,Strength Training,Group Classes,Locker Rooms,Steam Room,24/7 Access"
PulseFit,PulseFit Marathahalli,"152 Park Avenue, Marathahalli, Bangalore",560094,Bangalore,Karnataka,13.0006,77.6608,2299,"Cardio Zone,Strength Training,Group Classes,Locker Rooms,Towel Service,24/7 Access"
CoreNine Fitness,CoreNine Fitness Satellite,"130 Park Avenue, Satellite, Ahmedabad",380057,Ahmedabad,Gujarat,23.1042,72.609,1699,"Cardio Zone,Weight Training,Zumba,Personal Training,Sauna,Steam Room"
CoreNine Fitness,CoreNine Fitness Vastrapur,"89 Main Road, Vastrapur, Ahmedabad",380029,Ahmedabad,Gujarat,22.9911,72.6509,2099,"Cardio Zone,Weight Training,Zumba,Personal Training,Nutrition Counselling,Sauna"
Apex Strength,Apex Strength Cyber City,"103 Station Road, Cyber City, Gurgaon",122016,Gurgaon,Haryana,28.3773,77.0573,3599,"Swimming Pool,Strength Training,Spa,Cafe,Cafe,Towel Service"
Apex Strength,Apex Strength Nerul,"171 Park Avenue, Nerul, Navi Mumbai",400791,Navi Mumbai,Maharashtra,19.0262,73.0445,2999,"Swimming Pool,Strength Training,Spa,Cafe,Cafe,Towel Service"
IronCore Gym,IronCore Gym Vaishali Nagar,"175 Link Road, Vaishali Nagar, Jaipur",302013,Jaipur,Rajasthan,26.8974,75.8172,2599,"Free Weights,Powerlifting Rack,Functional Zone,Showers,Parking,Nutrition Counselling"
ZenFlex Studio,ZenFlex Studio Sohna Road,"157 Market Road, Sohna Road, Gurgaon",122083,Gurgaon,Haryana,28.5474,77.0334,1899,"Yoga Studio,Pilates,Meditation Room,Steam,Sauna,Towel Service"
IronCore Gym,IronCore Gym Porur,"41 Park Avenue, Porur, Chennai",600031,Chennai,Tamil Nadu,13.1436,80.298,2799,"Free Weights,Powerlifting Rack,Functional Zone,Showers,24/7 Access,Towel Service"
CoreNine Fitness,CoreNine Fitness Majiwada,"2 Cross Street, Majiwada, Thane",400657,Thane,Maharashtra,19.2744,73.0511,2299,"Cardio Zone,Weight Training,Zumba,Personal Training,Steam Room,Cafe"
ZenFlex Studio,ZenFlex Studio Peelamedu,"98 Cross Street, Peelamedu, Coimbatore",641037,Coimbatore,Tamil Nadu,11.0597,76.9758,1699,"Yoga Studio,Pilates,Meditation Room,Steam,Steam Room,Sauna"
Momentum Club,Momentum Club Nerul,"60 Station Road, Nerul, Navi Mumbai",400766,Navi Mumbai,Maharashtra,19.0241,73.0878,2299,"Cardio Zone,HIIT Studio,Cycling,Locker Rooms,Steam Room,Parking"
Momentum Club,Momentum Club Sector 44,"3 Market Road, Sector 44, Chandigarh",160069,Chandigarh,Chandigarh,30.7271,76.7087,1899,"Cardio Zone,HIIT Studio,Cycling,Locker Rooms,Sauna,Cafe"
PulseFit,PulseFit Dharampeth,"96 Ring Road, Dharampeth, Nagpur",440027,Nagpur,Maharashtra,21.0669,79.0154,2699,"Cardio Zone,Strength Training,Group Classes,Locker Rooms,Nutrition Counselling,Cafe"
UrbanAthletic,UrbanAthletic Bhawarkuan,"123 Market Road, Bhawarkuan, Indore",452092,Indore,Madhya Pradesh,22.7583,75.9477,2899,"CrossFit Box,Olympic Lifting,Sauna,Physio Desk,Cafe,24/7 Access"
CoreNine Fitness,CoreNine Fitness Electronic City,"36 Market Road, Electronic City, Bangalore",560027,Bangalore,Karnataka,12.945,77.6212,2299,"Cardio Zone,Weight Training,Zumba,Personal Training,Sauna,Nutrition Counselling"
CoreNine Fitness,CoreNine Fitness Salt Lake,"8 Cross Street, Salt Lake, Kolkata",700071,Kolkata,West Bengal,22.5009,88.3351,1899,"Cardio Zone,Weight Training,Zumba,Personal Training,Sauna,Nutrition Counselling"
Apex Strength,Apex Strength Airoli,"8 Cross Street, Airoli, Navi Mumbai",400711,Navi Mumbai,Maharashtra,19.0628,73.0886,3199,"Swimming Pool,Strength Training,Spa,Cafe,Parking,Cafe"
ZenFlex Studio,ZenFlex Studio Rajouri Garden,"5 High Street, Rajouri Garden, Delhi",110085,Delhi,Delhi,28.6065,77.1219,2299,"Yoga Studio,Pilates,Meditation Room,Steam,Parking,24/7 Access"
ZenFlex Studio,ZenFlex Studio Dwarka,"154 High Street, Dwarka, Delhi",110056,Delhi,Delhi,28.7006,77.2834,1899,"Yoga Studio,Pilates,Meditation Room,Steam,Towel Service,Cafe"
IronCore Gym,IronCore Gym Salt Lake,"112 Ring Road, Salt Lake, Kolkata",700033,Kolkata,West Bengal,22.6486,88.3291,2799,"Free Weights,Powerlifting Rack,Functional Zone,Showers,Sauna,24/7 Access"
Momentum Club,Momentum Club Airoli,"82 Park Avenue, Airoli, Navi Mumbai",400745,Navi Mumbai,Maharashtra,19.0296,73.0847,2099,"Cardio Zone,HIIT Studio,Cycling,Locker Rooms,Cafe,Nutrition Counselling"
ZenFlex Studio,ZenFlex Studio Sector 18,"92 Cross Street, Sector 18, Noida",201370,Noida,Uttar Pradesh,28.5945,77.3891,2499,"Yoga Studio,Pilates,Meditation Room,Steam,Parking,Steam Room"
UrbanAthletic,UrbanAthletic Jubilee Hills,"151 Main Road, Jubilee Hills, Hyderabad",500053,Hyderabad,Telangana,17.3566,78.4179,3499,"CrossFit Box,Olympic Lifting,Sauna,Physio Desk,Steam Room,Parking"
Momentum Club,Momentum Club Bellandur,"155 Park Avenue, Bellandur, Bangalore",560057,Bangalore,Karnataka,13.0149,77.5472,2099,"Cardio Zone,HIIT Studio,Cycling,Locker Rooms,Steam Room,Nutrition Counselling"
PulseFit,PulseFit NIT,"26 Main Road, NIT, Faridabad",121062,Faridabad,Haryana,28.3443,77.3812,2499,"Cardio Zone,Strength Training,Group Classes,Locker Rooms,Steam Room,Sauna"
PulseFit,PulseFit Rajajinagar,"143 Main Road, Rajajinagar, Bangalore",560084,Bangalore,Karnataka,12.9018,77.614,3099,"Cardio Zone,Strength Training,Group Classes,Locker Rooms,Cafe,Sauna"
PulseFit,PulseFit Vaishali Nagar,"47 Station Road, Vaishali Nagar, Jaipur",302035,Jaipur,Rajasthan,26.9477,75.8134,2299,"Cardio Zone,Strength Training,Group Classes,Locker Rooms,24/7 Access,Nutrition Counselling"
CoreNine Fitness,CoreNine Fitness Powai,"67 Link Road, Powai, Mumbai",400037,Mumbai,Maharashtra,19.1281,72.948,2299,"Cardio Zone,Weight Training,Zumba,Personal Training,Cafe,Sauna"
ZenFlex Studio,ZenFlex Studio Borivali West,"34 Park Avenue, Borivali West, Mumbai",400049,Mumbai,Maharashtra,19.1232,72.9493,2499,"Yoga Studio,Pilates,Meditation Room,Steam,24/7 Access,Cafe"
Momentum Club,Momentum Club Lajpat Nagar,"114 Market Road, Lajpat Nagar, Delhi",110046,Delhi,Delhi,28.5705,77.1504,2299,"Cardio Zone,HIIT Studio,Cycling,Locker Rooms,24/7 Access,Nutrition Counselling"
IronCore Gym,IronCore Gym Indiranagar,"52 Ring Road, Indiranagar, Bangalore",560093,Bangalore,Karnataka,12.9925,77.6755,2799,"Free Weights,Powerlifting Rack,Functional Zone,Showers,Parking,Towel Service"
Apex Strength,Apex Strength Porur,"123 Link Road, Porur, Chennai",600073,Chennai,Tamil Nadu,13.0038,80.2633,3199,"Swimming Pool,Strength Training,Spa,Cafe,Nutrition Counselling,Parking"
PulseFit,PulseFit Koregaon Park,"80 Main Road, Koregaon Park, Pune",411069,Pune,Maharashtra,18.4612,73.8895,2699,"Cardio Zone,Strength Training,Group Classes,Locker Rooms,Steam Room,Parking"
PulseFit,PulseFit Hebbal,"62 Ring Road, Hebbal, Bangalore",560029,Bangalore,Karnataka,13.0589,77.6099,2299,"Cardio Zone,Strength Training,Group Classes,Locker Rooms,24/7 Access,Towel Service"
PulseFit,PulseFit Raj Nagar,"118 Market Road, Raj Nagar, Ghaziabad",201079,Ghaziabad,Uttar Pradesh,28.6042,77.5362,3099,"Cardio Zone,Strength Training,Group Classes,Locker Rooms,24/7 Access,Sauna"
PulseFit,PulseFit Adyar,"165 Link Road, Adyar, Chennai",600013,Chennai,Tamil Nadu,13.0016,80.2242,3099,"Cardio Zone,Strength Training,Group Classes,Locker Rooms,Sauna,Steam Room"
PulseFit,PulseFit Powai,"122 Market Road, Powai, Mumbai",400054,Mumbai,Maharashtra,19.0016,72.8478,3099,"Cardio Zone,Strength Training,Group Classes,Locker Rooms,Towel Service,Cafe"
ZenFlex Studio,ZenFlex Studio Sector 35,"96 Link Road, Sector 35, Chandigarh",160011,Chandigarh,Chandigarh,30.7025,76.7605,2499,"Yoga Studio,Pilates,Meditation Room,Steam,24/7 Access,Towel Service"
ZenFlex Studio,ZenFlex Studio Malad West,"10 Station Road, Malad West, Mumbai",400096,Mumbai,Maharashtra,19.0835,72.8058,2299,"Yoga Studio,Pilates,Meditation Room,Steam,24/7 Access,Steam Room"
PulseFit,PulseFit Sector 76,"167 Station Road, Sector 76, Noida",201329,Noida,Uttar Pradesh,28.5748,77.4675,2499,"Cardio Zone,Strength Training,Group Classes,Locker Rooms,Sauna,Parking"
Apex Strength,Apex Strength Saket,"176 Cross Street, Saket, Delhi",110051,Delhi,Delhi,28.5858,77.2494,3199,"Swimming Pool,Strength Training,Spa,Cafe,Parking,Nutrition Counselling"
Momentum Club,Momentum Club Goregaon East,"131 Cross Street, Goregaon East, Mumbai",400021,Mumbai,Maharashtra,19.0515,72.8833,2099,"Cardio Zone,HIIT Studio,Cycling,Locker Rooms,Parking,Sauna"
CoreNine Fitness,CoreNine Fitness Viman Nagar,"84 Station Road, Viman Nagar, Pune",411021,Pune,Maharashtra,18.5595,73.7752,1699,"Cardio Zone,Weight Training,Zumba,Personal Training,24/7 Access,Steam Room"
CoreNine Fitness,CoreNine Fitness Kukatpally,"138 Park Avenue, Kukatpally, Hyderabad",500068,Hyderabad,Telangana,17.3172,78.5539,2099,"Cardio Zone,Weight Training,Zumba,Personal Training,Cafe,Steam Room"
Momentum Club,Momentum Club Sector 17,"153 High Street, Sector 17, Chandigarh",160024,Chandigarh,Chandigarh,30.6754,76.7903,2699,"Cardio Zone,HIIT Studio,Cycling,Locker Rooms,Nutrition Counselling,Sauna"
UrbanAthletic,UrbanAthletic HSR Layout,"21 Park Avenue, HSR Layout, Bangalore",560026,Bangalore,Karnataka,12.8952,77.6312,2899,"CrossFit Box,Olympic Lifting,Sauna,Physio Desk,Towel Service,Parking"
IronCore Gym,IronCore Gym Bodakdev,"155 Park Avenue, Bodakdev, Ahmedabad",380074,Ahmedabad,Gujarat,23.0297,72.5493,2199,"Free Weights,Powerlifting Rack,Functional Zone,Showers,24/7 Access,Towel Service"
IronCore Gym,IronCore Gym Ballygunge,"88 Main Road, Ballygunge, Kolkata",700056,Kolkata,West Bengal,22.5028,88.3659,2599,"Free Weights,Powerlifting Rack,Functional Zone,Showers,24/7 Access,Nutrition Counselling"
ZenFlex Studio,ZenFlex Studio Yelahanka,"121 Market Road, Yelahanka, Bangalore",560032,Bangalore,Karnataka,12.9385,77.6729,1899,"Yoga Studio,Pilates,Meditation Room,Steam,Cafe,Nutrition Counselling"
PulseFit,PulseFit Greater Kailash,"23 Ring Road, Greater Kailash, Delhi",110030,Delhi,Delhi,28.6942,77.2567,2499,"Cardio Zone,Strength Training,Group Classes,Locker Rooms,Sauna,Steam Room"
Momentum Club,Momentum Club Banjara Hills,"151 Main Road, Banjara Hills, Hyderabad",500035,Hyderabad,Telangana,17.3708,78.5122,2499,"Cardio Zone,HIIT Studio,Cycling,Locker Rooms,Nutrition Counselling,Towel Service"
ZenFlex Studio,ZenFlex Studio Vasant Kunj,"177 Park Avenue, Vasant Kunj, Delhi",110024,Delhi,Delhi,28.6356,77.2659,1899,"Yoga Studio,Pilates,Meditation Room,Steam,Towel Service,Parking"
ZenFlex Studio,ZenFlex Studio Greater Faridabad,"51 Link Road, Greater Faridabad, Faridabad",121068,Faridabad,Haryana,28.4616,77.2877,1899,"Yoga Studio,Pilates,Meditation Room,Steam,24/7 Access,Parking"
Momentum Club,Momentum Club Juhu,"37 Cross Street, Juhu, Mumbai",400083,Mumbai,Maharashtra,19.1161,72.8244,1899,"Cardio Zone,HIIT Studio,Cycling,Locker Rooms,Nutrition Counselling,24/7 Access"
CoreNine Fitness,CoreNine Fitness Gomti Nagar,"179 Link Road, Gomti Nagar, Lucknow",226062,Lucknow,Uttar Pradesh,26.8523,80.8903,2099,"Cardio Zone,Weight Training,Zumba,Personal Training,Nutrition Counselling,Towel Service"
CoreNine Fitness,CoreNine Fitness Dharampeth,"67 Park Avenue, Dharampeth, Nagpur",440066,Nagpur,Maharashtra,21.0773,79.1709,1699,"Cardio Zone,Weight Training,Zumba,Personal Training,Parking,Towel Service"
PulseFit,PulseFit Aundh,"78 Cross Street, Aundh, Pune",411086,Pune,Maharashtra,18.4839,73.8344,2299,"Cardio Zone,Strength Training,Group Classes,Locker Rooms,Towel Service,Steam Room"
Momentum Club,Momentum Club Malad West,"15 High Street, Malad West, Mumbai",400029,Mumbai,Maharashtra,19.0661,72.9558,2699,"Cardio Zone,HIIT Studio,Cycling,Locker Rooms,Sauna,Parking"
PulseFit,PulseFit Maninagar,"57 Park Avenue, Maninagar, Ahmedabad",380046,Ahmedabad,Gujarat,23.0334,72.5817,2499,"Cardio Zone,Strength Training,Group Classes,Locker Rooms,24/7 Access,Steam Room"
ZenFlex Studio,ZenFlex Studio Panvel,"150 Ring Road, Panvel, Navi Mumbai",400741,Navi Mumbai,Maharashtra,18.9812,73.1177,2299,"Yoga Studio,Pilates,Meditation Room,Steam,Parking,Steam Room"
UrbanAthletic,UrbanAthletic Piplod,"11 Park Avenue, Piplod, Surat",395082,Surat,Gujarat,21.2508,72.8353,3499,"CrossFit Box,Olympic Lifting,Sauna,Physio Desk,Sauna,Nutrition Counselling"
IronCore Gym,IronCore Gym Saibaba Colony,"155 Main Road, Saibaba Colony, Coimbatore",641072,Coimbatore,Tamil Nadu,10.9512,76.9824,2399,"Free Weights,Powerlifting Rack,Functional Zone,Showers,Nutrition Counselling,Steam Room"
UrbanAthletic,UrbanAthletic Mansarovar,"46 High Street, Mansarovar, Jaipur",302057,Jaipur,Rajasthan,26.9368,75.8527,2699,"CrossFit Box,Olympic Lifting,Sauna,Physio Desk,Towel Service,Steam Room"
CoreNine Fitness,CoreNine Fitness RS Puram,"171 Link Road, RS Puram, Coimbatore",641016,Coimbatore,Tamil Nadu,11.0092,76.9928,1699,"Cardio Zone,Weight Training,Zumba,Personal Training,Nutrition Counselling,Sauna"
UrbanAthletic,UrbanAthletic Sector 137,"16 Main Road, Sector 137, Noida",201352,Noida,Uttar Pradesh,28.5886,77.3206,2699,"CrossFit Box,Olympic Lifting,Sauna,Physio Desk,24/7 Access,Nutrition Counselling"
IronCore Gym,IronCore Gym Panampilly Nagar,"172 Ring Road, Panampilly Nagar, Kochi",682051,Kochi,Kerala,9.8482,76.3324,2199,"Free Weights,Powerlifting Rack,Functional Zone,Showers,24/7 Access,Steam Room"
ZenFlex Studio,ZenFlex Studio NIT,"96 Park Avenue, NIT, Faridabad",121080,Faridabad,Haryana,28.4753,77.3275,2499,"Yoga Studio,Pilates,Meditation Room,Steam,Towel Service,24/7 Access"
Apex Strength,Apex Strength Wakad,"94 Link Road, Wakad, Pune",411056,Pune,Maharashtra,18.5897,73.7866,3799,"Swimming Pool,Strength Training,Spa,Cafe,Parking,Steam Room"
Momentum Club,Momentum Club Koramangala,"43 Main Road, Koramangala, Bangalore",560093,Bangalore,Karnataka,12.9763,77.6831,2699,"Cardio Zone,HIIT Studio,Cycling,Locker Rooms,Nutrition Counselling,Towel Service"
IronCore Gym,IronCore Gym T Nagar,"123 Link Road, T Nagar, Chennai",600067,Chennai,Tamil Nadu,13.1405,80.3242,2599,"Free Weights,Powerlifting Rack,Functional Zone,Showers,Sauna,Nutrition Counselling"
UrbanAthletic,UrbanAthletic Borivali West,"141 Park Avenue, Borivali West, Mumbai",400098,Mumbai,Maharashtra,19.0781,72.8754,2899,"CrossFit Box,Olympic Lifting,Sauna,Physio Desk,Towel Service,Parking"
ZenFlex Studio,ZenFlex Studio Hazratganj,"56 Cross Street, Hazratganj, Lucknow",226063,Lucknow,Uttar Pradesh,26.8237,80.9866,1899,"Yoga Studio,Pilates,Meditation Room,Steam,Parking,Nutrition Counselling"
ZenFlex Studio,ZenFlex Studio T Nagar,"180 Market Road, T Nagar, Chennai",600059,Chennai,Tamil Nadu,13.1178,80.2299,1699,"Yoga Studio,Pilates,Meditation Room,Steam,24/7 Access,Cafe"
Apex Strength,Apex Strength Vesu,"94 Station Road, Vesu, Surat",395043,Surat,Gujarat,21.2085,72.8422,3199,"Swimming Pool,Strength Training,Spa,Cafe,Nutrition Counselling,Towel Service"
CoreNine Fitness,CoreNine Fitness Hinjewadi,"80 Station Road, Hinjewadi, Pune",411053,Pune,Maharashtra,18.6032,73.8858,1699,"Cardio Zone,Weight Training,Zumba,Personal Training,Parking,Cafe"
UrbanAthletic,UrbanAthletic Nungambakkam,"128 Main Road, Nungambakkam, Chennai",600090,Chennai,Tamil Nadu,13.095,80.3177,2899,"CrossFit Box,Olympic Lifting,Sauna,Physio Desk,Nutrition Counselling,Cafe"
Apex Strength,Apex Strength Baner,"74 Link Road, Baner, Pune",411052,Pune,Maharashtra,18.5153,73.8735,3199,"Swimming Pool,Strength Training,Spa,Cafe,Sauna,Cafe"
Momentum Club,Momentum Club Sector 50,"85 Station Road, Sector 50, Noida",201361,Noida,Uttar Pradesh,28.5559,77.3305,1899,"Cardio Zone,HIIT Studio,Cycling,Locker Rooms,Towel Service,Parking"
Apex Strength,Apex Strength Saibaba Colony,"36 Ring Road, Saibaba Colony, Coimbatore",641025,Coimbatore,Tamil Nadu,10.9406,76.987,3399,"Swimming Pool,Strength Training,Spa,Cafe,Sauna,Cafe"
ZenFlex Studio,ZenFlex Studio Andheri West,"56 Ring Road, Andheri West, Mumbai",400078,Mumbai,Maharashtra,19.0799,72.8071,2499,"Yoga Studio,Pilates,Meditation Room,Steam,24/7 Access,Steam Room"
CoreNine Fitness,CoreNine Fitness Ghodbunder Road,"122 Station Road, Ghodbunder Road, Thane",400699,Thane,Maharashtra,19.1816,73.0282,1899,"Cardio Zone,Weight Training,Zumba,Personal Training,Towel Service,Nutrition Counselling"
IronCore Gym,IronCore Gym Prahlad Nagar,"157 Main Road, Prahlad Nagar, Ahmedabad",380078,Ahmedabad,Gujarat,22.9552,72.6541,2199,"Free Weights,Powerlifting Rack,Functional Zone,Showers,Sauna,Nutrition Counselling"
Apex Strength,Apex Strength Vartak Nagar,"9 Ring Road, Vartak Nagar, Thane",400638,Thane,Maharashtra,19.2538,73.025,3399,"Swimming Pool,Strength Training,Spa,Cafe,Nutrition Counselling,24/7 Access"
Momentum Club,Momentum Club Manish Nagar,"144 Cross Street, Manish Nagar, Nagpur",440079,Nagpur,Maharashtra,21.0918,79.0694,1899,"Cardio Zone,HIIT Studio,Cycling,Locker Rooms,24/7 Access,Steam Room"
Apex Strength,Apex Strength Dharampeth,"87 Cross Street, Dharampeth, Nagpur",440095,Nagpur,Maharashtra,21.143,79.169,3199,"Swimming Pool,Strength Training,Spa,Cafe,Parking,Nutrition Counselling"
Apex Strength,Apex Strength Indirapuram,"27 Ring Road, Indirapuram, Ghaziabad",201041,Ghaziabad,Uttar Pradesh,28.7448,77.3665,3199,"Swimming Pool,Strength Training,Spa,Cafe,Parking,Steam Room"
UrbanAthletic,UrbanAthletic Karol Bagh,"158 Ring Road, Karol Bagh, Delhi",110034,Delhi,Delhi,28.6874,77.2591,3499,"CrossFit Box,Olympic Lifting,Sauna,Physio Desk,Cafe,24/7 Access"
IronCore Gym,IronCore Gym Aundh,"130 High Street, Aundh, Pune",411060,Pune,Maharashtra,18.5378,73.8575,2799,"Free Weights,Powerlifting Rack,Functional Zone,Showers,Nutrition Counselling,Cafe"
Momentum Club,Momentum Club Dwarka,"116 Station Road, Dwarka, Delhi",110098,Delhi,Delhi,28.6304,77.2834,2099,"Cardio Zone,HIIT Studio,Cycling,Locker Rooms,Parking,24/7 Access"
IronCore Gym,IronCore Gym New Town,"64 Station Road, New Town, Kolkata",700017,Kolkata,West Bengal,22.6086,88.2853,2199,"Free Weights,Powerlifting Rack,Functional Zone,Showers,Cafe,Towel Service"
ZenFlex Studio,ZenFlex Studio Vashi,"47 Main Road, Vashi, Navi Mumbai",400776,Navi Mumbai,Maharashtra,18.9734,72.9478,1899,"Yoga Studio,Pilates,Meditation Room,Steam,Parking,Cafe"
Apex Strength,Apex Strength Sector 56,"122 Market Road, Sector 56, Gurgaon",122089,Gurgaon,Haryana,28.4006,77.0018,3799,"Swimming Pool,Strength Training,Spa,Cafe,Nutrition Counselling,Cafe"
CoreNine Fitness,CoreNine Fitness Park Street,"126 High Street, Park Street, Kolkata",700098,Kolkata,West Bengal,22.5461,88.4118,2299,"Cardio Zone,Weight Training,Zumba,Personal Training,Sauna,Parking"
ZenFlex Studio,ZenFlex Studio Vijay Nagar,"119 Market Road, Vijay Nagar, Indore",452085,Indore,Madhya Pradesh,22.6838,75.8579,2099,"Yoga Studio,Pilates,Meditation Room,Steam,Sauna,Towel Service"
PulseFit,PulseFit Park Street,"169 Main Road, Park Street, Kolkata",700018,Kolkata,West Bengal,22.5048,88.4178,2499,"Cardio Zone,Strength Training,Group Classes,Locker Rooms,Nutrition Counselling,24/7 Access"
IronCore Gym,IronCore Gym Juhu,"154 Main Road, Juhu, Mumbai",400032,Mumbai,Maharashtra,19.1452,72.8121,2799,"Free Weights,Powerlifting Rack,Functional Zone,Showers,24/7 Access,Steam Room"
Momentum Club,Momentum Club Raj Nagar,"103 Market Road, Raj Nagar, Ghaziabad",201035,Ghaziabad,Uttar Pradesh,28.6771,77.4742,2499,"Cardio Zone,HIIT Studio,Cycling,Locker Rooms,Parking,24/7 Access"
Momentum Club,Momentum Club Saket,"93 Park Avenue, Saket, Delhi",110093,Delhi,Delhi,28.5987,77.2887,2099,"Cardio Zone,HIIT Studio,Cycling,Locker Rooms,24/7 Access,Sauna"
CoreNine Fitness,CoreNine Fitness Malviya Nagar,"23 Link Road, Malviya Nagar, Jaipur",302049,Jaipur,Rajasthan,26.8292,75.7792,2299,"Cardio Zone,Weight Training,Zumba,Personal Training,Steam Room,Sauna"
IronCore Gym,IronCore Gym Kharghar,"18 Ring Road, Kharghar, Navi Mumbai",400753,Navi Mumbai,Maharashtra,19.0636,73.0105,2199,"Free Weights,Powerlifting Rack,Functional Zone,Showers,Sauna,24/7 Access"
UrbanAthletic,UrbanAthletic Jayanagar,"95 Link Road, Jayanagar, Bangalore",560073,Bangalore,Karnataka,13.0584,77.615,3499,"CrossFit Box,Olympic Lifting,Sauna,Physio Desk,Sauna,Towel Service"
CoreNine Fitness,CoreNine Fitness Peelamedu,"77 Link Road, Peelamedu, Coimbatore",641062,Coimbatore,Tamil Nadu,11.0397,76.9206,1699,"Cardio Zone,Weight Training,Zumba,Personal Training,Cafe,Towel Service"
IronCore Gym,IronCore Gym Sector 17,"93 Link Road, Sector 17, Chandigarh",160015,Chandigarh,Chandigarh,30.7383,76.6985,2199,"Free Weights,Powerlifting Rack,Functional Zone,Showers,Cafe,Nutrition Counselling"
UrbanAthletic,UrbanAthletic Lajpat Nagar,"98 High Street, Lajpat Nagar, Delhi",110099,Delhi,Delhi,28.5988,77.2053,3099,"CrossFit Box,Olympic Lifting,Sauna,Physio Desk,Sauna,Steam Room"
CoreNine Fitness,CoreNine Fitness Manish Nagar,"60 Park Avenue, Manish Nagar, Nagpur",440037,Nagpur,Maharashtra,21.1049,79.1046,1699,"Cardio Zone,Weight Training,Zumba,Personal Training,Cafe,Towel Service"
Momentum Club,Momentum Club Rajouri Garden,"16 Ring Road, Rajouri Garden, Delhi",110085,Delhi,Delhi,28.5932,77.2831,2699,"Cardio Zone,HIIT Studio,Cycling,Locker Rooms,Steam Room,Nutrition Counselling"
Momentum Club,Momentum Club Andheri West,"176 Park Avenue, Andheri West, Mumbai",400095,Mumbai,Maharashtra,19.0606,72.9474,1899,"Cardio Zone,HIIT Studio,Cycling,Locker Rooms,Towel Service,24/7 Access"
PulseFit,PulseFit Rohini,"87 Link Road, Rohini, Delhi",110013,Delhi,Delhi,28.6247,77.2791,2899,"Cardio Zone,Strength Training,Group Classes,Locker Rooms,24/7 Access,Parking"
UrbanAthletic,UrbanAthletic DLF Phase 1,"70 Park Avenue, DLF Phase 1, Gurgaon",122031,Gurgaon,Haryana,28.4218,77.102,2899,"CrossFit Box,Olympic Lifting,Sauna,Physio Desk,Cafe,Parking"
PulseFit,PulseFit Sector 29,"116 Market Road, Sector 29, Gurgaon",122065,Gurgaon,Haryana,28.4158,77.0691,2299,"Cardio Zone,Strength Training,Group Classes,Locker Rooms,Steam Room,Towel Service"
UrbanAthletic,UrbanAthletic Hinjewadi,"65 Link Road, Hinjewadi, Pune",411046,Pune,Maharashtra,18.5422,73.8256,2899,"CrossFit Box,Olympic Lifting,Sauna,Physio Desk,Steam Room,24/7 Access"
CoreNine Fitness,CoreNine Fitness Panvel,"109 Cross Street, Panvel, Navi Mumbai",400756,Navi Mumbai,Maharashtra,18.9524,72.9892,2099,"Cardio Zone,Weight Training,Zumba,Personal Training,Towel Service,Nutrition Counselling"
CoreNine Fitness,CoreNine Fitness Goregaon East,"91 Link Road, Goregaon East, Mumbai",400025,Mumbai,Maharashtra,19.1207,72.9402,1699,"Cardio Zone,Weight Training,Zumba,Personal Training,Cafe,Nutrition Counselling"
CoreNine Fitness,CoreNine Fitness Rohini,"122 Park Avenue, Rohini, Delhi",110050,Delhi,Delhi,28.6605,77.1329,1899,"Cardio Zone,Weight Training,Zumba,Personal Training,Cafe,Nutrition Counselling"
UrbanAthletic,UrbanAthletic Indiranagar,"24 Link Road, Indiranagar, Bangalore",560037,Bangalore,Karnataka,12.9999,77.5127,2899,"CrossFit Box,Olympic Lifting,Sauna,Physio Desk,Sauna,Parking"
Momentum Club,Momentum Club Electronic City,"150 Station Road, Electronic City, Bangalore",560028,Bangalore,Karnataka,12.9915,77.5425,2699,"Cardio Zone,HIIT Studio,Cycling,Locker Rooms,Parking,Towel Service"
UrbanAthletic,UrbanAthletic Sector 18,"71 Main Road, Sector 18, Noida",201327,Noida,Uttar Pradesh,28.4503,77.365,2899,"CrossFit Box,Olympic Lifting,Sauna,Physio Desk,Cafe,Towel Service"
Momentum Club,Momentum Club Hebbal,"50 Station Road, Hebbal, Bangalore",560058,Bangalore,Karnataka,13.0335,77.6671,2499,"Cardio Zone,HIIT Studio,Cycling,Locker Rooms,Nutrition Counselling,Cafe"
PulseFit,PulseFit Madhapur,"42 Cross Street, Madhapur, Hyderabad",500024,Hyderabad,Telangana,17.4364,78.4202,2499,"Cardio Zone,Strength Training,Group Classes,Locker Rooms,24/7 Access,Cafe"
ZenFlex Studio,ZenFlex Studio Sector 62,"26 High Street, Sector 62, Noida",201387,Noida,Uttar Pradesh,28.5921,77.3621,1899,"Yoga Studio,Pilates,Meditation Room,Steam,Nutrition Counselling,Sauna"
UrbanAthletic,UrbanAthletic Velachery,"156 Main Road, Velachery, Chennai",600059,Chennai,Tamil Nadu,13.0403,80.1853,2699,"CrossFit Box,Olympic Lifting,Sauna,Physio Desk,Nutrition Counselling,Towel Service"
Apex Strength,Apex Strength Gomti Nagar,"117 High Street, Gomti Nagar, Lucknow",226012,Lucknow,Uttar Pradesh,26.8241,80.8959,2999,"Swimming Pool,Strength Training,Spa,Cafe,Cafe,24/7 Access"
PulseFit,PulseFit Whitefield,"11 Ring Road, Whitefield, Bangalore",560012,Bangalore,Karnataka,12.9609,77.6319,2499,"Cardio Zone,Strength Training,Group Classes,Locker Rooms,Sauna,24/7 Access"
Momentum Club,Momentum Club Vaishali Nagar,"38 Cross Street, Vaishali Nagar, Jaipur",302010,Jaipur,Rajasthan,26.9331,75.8589,1899,"Cardio Zone,HIIT Studio,Cycling,Locker Rooms,Sauna,Nutrition Counselling"
IronCore Gym,IronCore Gym Bandra West,"66 High Street, Bandra West, Mumbai",400022,Mumbai,Maharashtra,19.0564,72.8539,1999,"Free Weights,Powerlifting Rack,Functional Zone,Showers,Sauna,24/7 Access"
Momentum Club,Momentum Club Kakkanad,"123 Link Road, Kakkanad, Kochi",682082,Kochi,Kerala,9.9749,76.3173,2699,"Cardio Zone,HIIT Studio,Cycling,Locker Rooms,Cafe,24/7 Access"
PulseFit,PulseFit Jubilee Hills,"121 Link Road, Jubilee Hills, Hyderabad",500046,Hyderabad,Telangana,17.4665,78.4256,2899,"Cardio Zone,Strength Training,Group Classes,Locker Rooms,Sauna,Parking"
Momentum Club,Momentum Club Miyapur,"86 Station Road, Miyapur, Hyderabad",500018,Hyderabad,Telangana,17.4092,78.4332,2299,"Cardio Zone,HIIT Studio,Cycling,Locker Rooms,24/7 Access,Sauna"
CoreNine Fitness,CoreNine Fitness Greater Faridabad,"43 Link Road, Greater Faridabad, Faridabad",121037,Faridabad,Haryana,28.3251,77.3815,2099,"Cardio Zone,Weight Training,Zumba,Personal Training,Nutrition Counselling,24/7 Access"
PulseFit,PulseFit Nungambakkam,"5 Ring Road, Nungambakkam, Chennai",600096,Chennai,Tamil Nadu,13.1328,80.1815,2499,"Cardio Zone,Strength Training,Group Classes,Locker Rooms,Sauna,Steam Room"
ZenFlex Studio,ZenFlex Studio Electronic City,"3 Ring Road, Electronic City, Bangalore",560078,Bangalore,Karnataka,13.013,77.6246,2499,"Yoga Studio,Pilates,Meditation Room,Steam,Parking,Towel Service"
UrbanAthletic,UrbanAthletic Marathahalli,"85 Link Road, Marathahalli, Bangalore",560042,Bangalore,Karnataka,12.9985,77.6081,2899,"CrossFit Box,Olympic Lifting,Sauna,Physio Desk,Cafe,Towel Service"
CoreNine Fitness,CoreNine Fitness Bhawarkuan,"12 Ring Road, Bhawarkuan, Indore",452011,Indore,Madhya Pradesh,22.7966,75.9145,2299,"Cardio Zone,Weight Training,Zumba,Personal Training,Towel Service,Cafe"
CoreNine Fitness,CoreNine Fitness Sector 62,"178 Market Road, Sector 62, Noida",201397,Noida,Uttar Pradesh,28.4615,77.4541,2099,"Cardio Zone,Weight Training,Zumba,Personal Training,Sauna,Steam Room"
UrbanAthletic,UrbanAthletic Miyapur,"165 Park Avenue, Miyapur, Hyderabad",500068,Hyderabad,Telangana,17.4066,78.4033,3499,"CrossFit Box,Olympic Lifting,Sauna,Physio Desk,Towel Service,24/7 Access"
ZenFlex Studio,ZenFlex Studio Prahlad Nagar,"125 Ring Road, Prahlad Nagar, Ahmedabad",380032,Ahmedabad,Gujarat,22.9546,72.5807,2099,"Yoga Studio,Pilates,Meditation Room,Steam,Cafe,Parking"
IronCore Gym,IronCore Gym Vaishali,"35 Cross Street, Vaishali, Ghaziabad",201074,Ghaziabad,Uttar Pradesh,28.5886,77.518,2399,"Free Weights,Powerlifting Rack,Functional Zone,Showers,Nutrition Counselling,Towel Service"
ZenFlex Studio,ZenFlex Studio Mansarovar,"115 Link Road, Mansarovar, Jaipur",302061,Jaipur,Rajasthan,26.9569,75.8455,2499,"Yoga Studio,Pilates,Meditation Room,Steam,Cafe,Sauna"
Momentum Club,Momentum Club RS Puram,"39 Ring Road, RS Puram, Coimbatore",641067,Coimbatore,Tamil Nadu,10.9545,76.9501,2099,"Cardio Zone,HIIT Studio,Cycling,Locker Rooms,24/7 Access,Cafe"
ZenFlex Studio,ZenFlex Studio Nerul,"175 Ring Road, Nerul, Navi Mumbai",400740,Navi Mumbai,Maharashtra,18.9433,72.9763,1899,"Yoga Studio,Pilates,Meditation Room,Steam,Cafe,Nutrition Counselling"
Apex Strength,Apex Strength Ghodbunder Road,"110 Park Avenue, Ghodbunder Road, Thane",400648,Thane,Maharashtra,19.2628,72.9369,3799,"Swimming Pool,Strength Training,Spa,Cafe,Steam Room,24/7 Access"
PulseFit,PulseFit Vasant Kunj,"149 Cross Street, Vasant Kunj, Delhi",110062,Delhi,Delhi,28.6408,77.2066,2899,"Cardio Zone,Strength Training,Group Classes,Locker Rooms,24/7 Access,Nutrition Counselling"
Apex Strength,Apex Strength Andheri West,"27 Main Road, Andheri West, Mumbai",400075,Mumbai,Maharashtra,18.9996,72.9038,3599,"Swimming Pool,Strength Training,Spa,Cafe,Sauna,24/7 Access"
Apex Strength,Apex Strength Greater Kailash,"31 Market Road, Greater Kailash, Delhi",110066,Delhi,Delhi,28.655,77.1581,2999,"Swimming Pool,Strength Training,Spa,Cafe,Towel Service,Steam Room"
CoreNine Fitness,CoreNine Fitness Behala,"40 Park Avenue, Behala, Kolkata",700048,Kolkata,West Bengal,22.5659,88.3685,1899,"Cardio Zone,Weight Training,Zumba,Personal Training,Nutrition Counselling,Parking"
Momentum Club,Momentum Club Sector 56,"115 Main Road, Sector 56, Gurgaon",122053,Gurgaon,Haryana,28.4083,77.052,1899,"Cardio Zone,HIIT Studio,Cycling,Locker Rooms,Steam Room,24/7 Access"
UrbanAthletic,UrbanAthletic T Nagar,"96 Ring Road, T Nagar, Chennai",600066,Chennai,Tamil Nadu,12.9933,80.201,3099,"CrossFit Box,Olympic Lifting,Sauna,Physio Desk,24/7 Access,Steam Room"
ZenFlex Studio,ZenFlex Studio Edappally,"165 Park Avenue, Edappally, Kochi",682014,Kochi,Kerala,9.9714,76.3339,1899,"Yoga Studio,Pilates,Meditation Room,Steam,Nutrition Counselling,Parking"
Momentum Club,Momentum Club Vijay Nagar,"122 Main Road, Vijay Nagar, Indore",452057,Indore,Madhya Pradesh,22.8033,75.796,2099,"Cardio Zone,HIIT Studio,Cycling,Locker Rooms,Towel Service,Nutrition Counselling"
Momentum Club,Momentum Club Belapur,"18 Market Road, Belapur, Navi Mumbai",400710,Navi Mumbai,Maharashtra,19.0913,73.1098,2699,"Cardio Zone,HIIT Studio,Cycling,Locker Rooms,Cafe,Towel Service"
PulseFit,PulseFit DLF Phase 1,"16 Link Road, DLF Phase 1, Gurgaon",122048,Gurgaon,Haryana,28.5308,77.0145,2499,"Cardio Zone,Strength Training,Group Classes,Locker Rooms,Nutrition Counselling,Cafe"
ZenFlex Studio,ZenFlex Studio Sector 29,"128 Market Road, Sector 29, Gurgaon",122056,Gurgaon,Haryana,28.3852,77.0508,1899,"Yoga Studio,Pilates,Meditation Room,Steam,Towel Service,Steam Room"
UrbanAthletic,UrbanAthletic Kandivali East,"112 Main Road, Kandivali East, Mumbai",400069,Mumbai,Maharashtra,19.0536,72.8937,2899,"CrossFit Box,Olympic Lifting,Sauna,Physio Desk,Cafe,24/7 Access"
PulseFit,PulseFit Peelamedu,"19 Ring Road, Peelamedu, Coimbatore",641096,Coimbatore,Tamil Nadu,11.0849,76.9881,2899,"Cardio Zone,Strength Training,Group Classes,Locker Rooms,Nutrition Counselling,Cafe"
ZenFlex Studio,ZenFlex Studio Ballygunge,"2 Cross Street, Ballygunge, Kolkata",700043,Kolkata,West Bengal,22.5269,88.4445,2099,"Yoga Studio,Pilates,Meditation Room,Steam,Nutrition Counselling,Parking"
UrbanAthletic,UrbanAthletic Rajouri Garden,"25 High Street, Rajouri Garden, Delhi",110030,Delhi,Delhi,28.6209,77.2351,2899,"CrossFit Box,Olympic Lifting,Sauna,Physio Desk,Cafe,Sauna"
CoreNine Fitness,CoreNine Fitness Kakkanad,"141 Market Road, Kakkanad, Kochi",682076,Kochi,Kerala,9.8752,76.3015,1899,"Cardio Zone,Weight Training,Zumba,Personal Training,Parking,Towel Service"
UrbanAthletic,UrbanAthletic Koregaon Park,"90 High Street, Koregaon Park, Pune",411028,Pune,Maharashtra,18.5488,73.7977,3299,"CrossFit Box,Olympic Lifting,Sauna,Physio Desk,Steam Room,Nutrition Counselling"
IronCore Gym,IronCore Gym Borivali West,"164 Link Road, Borivali West, Mumbai",400064,Mumbai,Maharashtra,19.0158,72.8423,2199,"Free Weights,Powerlifting Rack,Functional Zone,Showers,Steam Room,Towel Service"
IronCore Gym,IronCore Gym Vashi,"11 Ring Road, Vashi, Navi Mumbai",400767,Navi Mumbai,Maharashtra,19.0946,72.9795,2199,"Free Weights,Powerlifting Rack,Functional Zone,Showers,Parking,Steam Room"
UrbanAthletic,UrbanAthletic Manish Nagar,"111 Park Avenue, Manish Nagar, Nagpur",440075,Nagpur,Maharashtra,21.1674,79.0657,2899,"CrossFit Box,Olympic Lifting,Sauna,Physio Desk,Parking,Nutrition Counselling"
PulseFit,PulseFit Kolshet,"161 Market Road, Kolshet, Thane",400676,Thane,Maharashtra,19.2518,72.907,2299,"Cardio Zone,Strength Training,Group Classes,Locker Rooms,Cafe,24/7 Access"
Momentum Club,Momentum Club Vartak Nagar,"48 High Street, Vartak Nagar, Thane",400662,Thane,Maharashtra,19.2131,72.8974,1899,"Cardio Zone,HIIT Studio,Cycling,Locker Rooms,Sauna,Nutrition Counselling"
ZenFlex Studio,ZenFlex Studio Rajajinagar,"143 Market Road, Rajajinagar, Bangalore",560059,Bangalore,Karnataka,13.0368,77.6193,1899,"Yoga Studio,Pilates,Meditation Room,Steam,Nutrition Counselling,Towel Service"
PulseFit,PulseFit HSR Layout,"101 Link Road, HSR Layout, Bangalore",560080,Bangalore,Karnataka,12.9152,77.5122,2299,"Cardio Zone,Strength Training,Group Classes,Locker Rooms,Nutrition Counselling,Cafe"
Apex Strength,Apex Strength Chembur,"72 Station Road, Chembur, Mumbai",400094,Mumbai,Maharashtra,19.068,72.9093,3599,"Swimming Pool,Strength Training,Spa,Cafe,24/7 Access,Towel Service"
PulseFit,PulseFit Sector 137,"151 Market Road, Sector 137, Noida",201324,Noida,Uttar Pradesh,28.4937,77.3673,3099,"Cardio Zone,Strength Training,Group Classes,Locker Rooms,Towel Service,Sauna"
PulseFit,PulseFit Satellite,"161 Market Road, Satellite, Ahmedabad",380096,Ahmedabad,Gujarat,23.0273,72.6297,3099,"Cardio Zone,Strength Training,Group Classes,Locker Rooms,Towel Service,Sauna"
Apex Strength,Apex Strength Koramangala,"87 Link Road, Koramangala, Bangalore",560078,Bangalore,Karnataka,12.9955,77.6338,3199,"Swimming Pool,Strength Training,Spa,Cafe,Parking,Cafe"
PulseFit,PulseFit Punjabi Bagh,"178 Cross Street, Punjabi Bagh, Delhi",110084,Delhi,Delhi,28.5361,77.1997,2699,"Cardio Zone,Strength Training,Group Classes,Locker Rooms,Parking,Nutrition Counselling"
IronCore Gym,IronCore Gym Goregaon East,"152 Link Road, Goregaon East, Mumbai",400014,Mumbai,Maharashtra,19.0978,72.8727,2599,"Free Weights,Powerlifting Rack,Functional Zone,Showers,Nutrition Counselling,Sauna"
Apex Strength,Apex Strength OMR,"172 Station Road, OMR, Chennai",600079,Chennai,Tamil Nadu,13.1562,80.2108,3199,"Swimming Pool,Strength Training,Spa,Cafe,Steam Room,Cafe"
UrbanAthletic,UrbanAthletic Sector 15,"58 Main Road, Sector 15, Faridabad",121074,Faridabad,Haryana,28.4161,77.3959,3299,"CrossFit Box,Olympic Lifting,Sauna,Physio Desk,Nutrition Counselling,Towel Service"
UrbanAthletic,UrbanAthletic Banjara Hills,"173 High Street, Banjara Hills, Hyderabad",500096,Hyderabad,Telangana,17.3165,78.4595,2899,"CrossFit Box,Olympic Lifting,Sauna,Physio Desk,Steam Room,24/7 Access"
Apex Strength,Apex Strength Greater Faridabad,"61 Main Road, Greater Faridabad, Faridabad",121041,Faridabad,Haryana,28.4571,77.2484,3199,"Swimming Pool,Strength Training,Spa,Cafe,Cafe,Parking"
PulseFit,PulseFit Dadar,"149 Main Road, Dadar, Mumbai",400058,Mumbai,Maharashtra,19.0335,72.8449,2299,"Cardio Zone,Strength Training,Group Classes,Locker Rooms,Parking,Nutrition Counselling"
CoreNine Fitness,CoreNine Fitness Piplod,"92 Market Road, Piplod, Surat",395091,Surat,Gujarat,21.1027,72.746,1499,"Cardio Zone,Weight Training,Zumba,Personal Training,Cafe,Steam Room"
IronCore Gym,IronCore Gym Janakpuri,"95 Station Road, Janakpuri, Delhi",110011,Delhi,Delhi,28.5907,77.2616,2399,"Free Weights,Powerlifting Rack,Functional Zone,Showers,Parking,Steam Room"
ZenFlex Studio,ZenFlex Studio OMR,"131 High Street, OMR, Chennai",600037,Chennai,Tamil Nadu,12.9942,80.3034,2499,"Yoga Studio,Pilates,Meditation Room,Steam,Cafe,Towel Service"
IronCore Gym,IronCore Gym Sector 137,"106 Link Road, Sector 137, Noida",201380,Noida,Uttar Pradesh,28.5586,77.3615,2799,"Free Weights,Powerlifting Rack,Functional Zone,Showers,Sauna,Nutrition Counselling"
ZenFlex Studio,ZenFlex Studio Kondapur,"176 Market Road, Kondapur, Hyderabad",500079,Hyderabad,Telangana,17.383,78.4029,2299,"Yoga Studio,Pilates,Meditation Room,Steam,Steam Room,24/7 Access"
ZenFlex Studio,ZenFlex Studio Park Street,"95 Market Road, Park Street, Kolkata",700091,Kolkata,West Bengal,22.6001,88.4174,2299,"Yoga Studio,Pilates,Meditation Room,Steam,24/7 Access,Sauna"
IronCore Gym,IronCore Gym Civil Lines,"179 Station Road, Civil Lines, Nagpur",440050,Nagpur,Maharashtra,21.2243,79.0836,2399,"Free Weights,Powerlifting Rack,Functional Zone,Showers,24/7 Access,Parking"
Momentum Club,Momentum Club Sector 29,"9 Link Road, Sector 29, Gurgaon",122096,Gurgaon,Haryana,28.3825,77.0648,2099,"Cardio Zone,HIIT Studio,Cycling,Locker Rooms,24/7 Access,Cafe"
ZenFlex Studio,ZenFlex Studio JP Nagar,"59 Park Avenue, JP Nagar, Bangalore",560060,Bangalore,Karnataka,12.9043,77.6579,1699,"Yoga Studio,Pilates,Meditation Room,Steam,24/7 Access,Cafe"
CoreNine Fitness,CoreNine Fitness Sector 44,"3 Link Road, Sector 44, Chandigarh",160044,Chandigarh,Chandigarh,30.7133,76.6971,1899,"Cardio Zone,Weight Training,Zumba,Personal Training,24/7 Access,Steam Room"
Apex Strength,Apex Strength Viman Nagar,"130 Station Road, Viman Nagar, Pune",411035,Pune,Maharashtra,18.5676,73.7901,3399,"Swimming Pool,Strength Training,Spa,Cafe,24/7 Access,Sauna"
ZenFlex Studio,ZenFlex Studio Bandra West,"106 High Street, Bandra West, Mumbai",400073,Mumbai,Maharashtra,19.023,72.8002,1899,"Yoga Studio,Pilates,Meditation Room,Steam,Cafe,Nutrition Counselling"
Apex Strength,Apex Strength Kondapur,"71 Market Road, Kondapur, Hyderabad",500049,Hyderabad,Telangana,17.3805,78.4353,2999,"Swimming Pool,Strength Training,Spa,Cafe,Towel Service,Cafe"
Momentum Club,Momentum Club Civil Lines,"21 Main Road, Civil Lines, Nagpur",440088,Nagpur,Maharashtra,21.0854,79.0135,2699,"Cardio Zone,HIIT Studio,Cycling,Locker Rooms,Sauna,Cafe"
PulseFit,PulseFit Gachibowli,"138 Ring Road, Gachibowli, Hyderabad",500081,Hyderabad,Telangana,17.3072,78.4317,3099,"Cardio Zone,Strength Training,Group Classes,Locker Rooms,Towel Service,Steam Room"
IronCore Gym,IronCore Gym Rajajinagar,"72 Main Road, Rajajinagar, Bangalore",560017,Bangalore,Karnataka,13.0025,77.611,2799,"Free Weights,Powerlifting Rack,Functional Zone,Showers,Steam Room,Towel Service"
PulseFit,PulseFit Velachery,"42 High Street, Velachery, Chennai",600077,Chennai,Tamil Nadu,13.029,80.237,2499,"Cardio Zone,Strength Training,Group Classes,Locker Rooms,Steam Room,Towel Service"
ZenFlex Studio,ZenFlex Studio Gachibowli,"46 High Street, Gachibowli, Hyderabad",500050,Hyderabad,Telangana,17.4305,78.3997,2299,"Yoga Studio,Pilates,Meditation Room,Steam,Steam Room,Cafe"
CoreNine Fitness,CoreNine Fitness Mulund West,"114 Cross Street, Mulund West, Mumbai",400032,Mumbai,Maharashtra,19.0871,72.8845,2299,"Cardio Zone,Weight Training,Zumba,Personal Training,Cafe,Steam Room"
Apex Strength,Apex Strength Prahlad Nagar,"23 Link Road, Prahlad Nagar, Ahmedabad",380080,Ahmedabad,Gujarat,23.0779,72.6053,3599,"Swimming Pool,Strength Training,Spa,Cafe,Sauna,24/7 Access"
UrbanAthletic,UrbanAthletic Salt Lake,"126 Market Road, Salt Lake, Kolkata",700069,Kolkata,West Bengal,22.6088,88.2845,2899,"CrossFit Box,Olympic Lifting,Sauna,Physio Desk,Parking,Nutrition Counselling"
UrbanAthletic,UrbanAthletic Civil Lines,"170 Main Road, Civil Lines, Nagpur",440046,Nagpur,Maharashtra,21.1749,79.0292,2699,"CrossFit Box,Olympic Lifting,Sauna,Physio Desk,24/7 Access,Sauna"
PulseFit,PulseFit Kothrud,"15 Link Road, Kothrud, Pune",411034,Pune,Maharashtra,18.4978,73.83,2699,"Cardio Zone,Strength Training,Group Classes,Locker Rooms,24/7 Access,Nutrition Counselling"
Momentum Club,Momentum Club Punjabi Bagh,"95 Park Avenue, Punjabi Bagh, Delhi",110024,Delhi,Delhi,28.5523,77.2616,2499,"Cardio Zone,HIIT Studio,Cycling,Locker Rooms,Cafe,Sauna"
Momentum Club,Momentum Club Jubilee Hills,"60 Cross Street, Jubilee Hills, Hyderabad",500029,Hyderabad,Telangana,17.4679,78.426,2099,"Cardio Zone,HIIT Studio,Cycling,Locker Rooms,Towel Service,Sauna"
PulseFit,PulseFit Malviya Nagar,"129 High Street, Malviya Nagar, Jaipur",302091,Jaipur,Rajasthan,26.9231,75.8711,2499,"Cardio Zone,Strength Training,Group Classes,Locker Rooms,Steam Room,24/7 Access"
UrbanAthletic,UrbanAthletic Greater Kailash,"158 Ring Road, Greater Kailash, Delhi",110029,Delhi,Delhi,28.5998,77.215,2899,"CrossFit Box,Olympic Lifting,Sauna,Physio Desk,Parking,Towel Service"
ZenFlex Studio,ZenFlex Studio Begumpet,"164 High Street, Begumpet, Hyderabad",500021,Hyderabad,Telangana,17.4051,78.5007,1699,"Yoga Studio,Pilates,Meditation Room,Steam,24/7 Access,Steam Room"
PulseFit,PulseFit Jayanagar,"164 Station Road, Jayanagar, Bangalore",560083,Bangalore,Karnataka,12.9489,77.6543,2299,"Cardio Zone,Strength Training,Group Classes,Locker Rooms,Steam Room,Cafe"
UrbanAthletic,UrbanAthletic Baner,"88 Market Road, Baner, Pune",411032,Pune,Maharashtra,18.5095,73.8303,2899,"CrossFit Box,Olympic Lifting,Sauna,Physio Desk,Parking,Cafe"
Momentum Club,Momentum Club Kolshet,"34 Cross Street, Kolshet, Thane",400636,Thane,Maharashtra,19.1744,72.9932,2099,"Cardio Zone,HIIT Studio,Cycling,Locker Rooms,Steam Room,Cafe"
Momentum Club,Momentum Club New Town,"122 Cross Street, New Town, Kolkata",700091,Kolkata,West Bengal,22.6607,88.3024,2699,"Cardio Zone,HIIT Studio,Cycling,Locker Rooms,Steam Room,Towel Service"
Apex Strength,Apex Strength Punjabi Bagh,"90 Station Road, Punjabi Bagh, Delhi",110096,Delhi,Delhi,28.6849,77.2577,3399,"Swimming Pool,Strength Training,Spa,Cafe,Sauna,Parking"
ZenFlex Studio,ZenFlex Studio Koramangala,"167 Cross Street, Koramangala, Bangalore",560011,Bangalore,Karnataka,12.9066,77.5257,2099,"Yoga Studio,Pilates,Meditation Room,Steam,Sauna,24/7 Access"
CoreNine Fitness,CoreNine Fitness Adajan,"8 Link Road, Adajan, Surat",395028,Surat,Gujarat,21.1405,72.8936,1699,"Cardio Zone,Weight Training,Zumba,Personal Training,Towel Service,Cafe"
IronCore Gym,IronCore Gym NIT,"8 Park Avenue, NIT, Faridabad",121050,Faridabad,Haryana,28.4885,77.3129,2199,"Free Weights,Powerlifting Rack,Functional Zone,Showers,Steam Room,Towel Service"
PulseFit,PulseFit Aliganj,"152 Park Avenue, Aliganj, Lucknow",226031,Lucknow,Uttar Pradesh,26.7673,80.8997,2499,"Cardio Zone,Strength Training,Group Classes,Locker Rooms,24/7 Access,Towel Service"
IronCore Gym,IronCore Gym Aliganj,"42 Cross Street, Aliganj, Lucknow",226036,Lucknow,Uttar Pradesh,26.7641,80.9448,2199,"Free Weights,Powerlifting Rack,Functional Zone,Showers,Cafe,Towel Service"
CoreNine Fitness,CoreNine Fitness Adyar,"161 Cross Street, Adyar, Chennai",600031,Chennai,Tamil Nadu,13.1634,80.2318,1499,"Cardio Zone,Weight Training,Zumba,Personal Training,Nutrition Counselling,Steam Room"
Momentum Club,Momentum Club Karol Bagh,"54 High Street, Karol Bagh, Delhi",110022,Delhi,Delhi,28.6234,77.145,2099,"Cardio Zone,HIIT Studio,Cycling,Locker Rooms,Steam Room,Cafe"
Apex Strength,Apex Strength Vaishali,"19 Park Avenue, Vaishali, Ghaziabad",201015,Ghaziabad,Uttar Pradesh,28.7504,77.4483,3199,"Swimming Pool,Strength Training,Spa,Cafe,Parking,Steam Room"
